<?xml version="1.0" encoding="UTF-8"?>
<root>
  <item name="com.scichart.charting.model.dataSeries.DataSeries void onDataSeriesChanged(int) 0">
    <annotation name="android.support.annotation.IntDef">
      <val name="value" val="{com.scichart.charting.model.dataSeries.DataSeriesUpdate.DATA_SERIES_UPDATED, com.scichart.charting.model.dataSeries.DataSeriesUpdate.DATA_SERIES_CLEARED}" />
    </annotation>
  </item>
  <item name="com.scichart.charting.model.dataSeries.DataSeriesUpdate.DataSeriesUpdateValue">
    <annotation name="android.support.annotation.IntDef">
      <val name="value" val="{com.scichart.charting.model.dataSeries.DataSeriesUpdate.DATA_SERIES_UPDATED, com.scichart.charting.model.dataSeries.DataSeriesUpdate.DATA_SERIES_CLEARED}" />
    </annotation>
  </item>
  <item name="com.scichart.charting.model.dataSeries.IDataSeriesObserver void onDataSeriesChanged(com.scichart.charting.model.dataSeries.IDataSeries&lt;?,?&gt;, int) 1">
    <annotation name="android.support.annotation.IntDef">
      <val name="value" val="{com.scichart.charting.model.dataSeries.DataSeriesUpdate.DATA_SERIES_UPDATED, com.scichart.charting.model.dataSeries.DataSeriesUpdate.DATA_SERIES_CLEARED}" />
    </annotation>
  </item>
</root>

