<?xml version="1.0" encoding="UTF-8"?>
<root>
  <item name="com.scichart.core.annotations.DimensionUnit">
    <annotation name="android.support.annotation.IntDef">
      <val name="value" val="{android.util.TypedValue.COMPLEX_UNIT_PX, android.util.TypedValue.COMPLEX_UNIT_DIP, android.util.TypedValue.COMPLEX_UNIT_SP, android.util.TypedValue.COMPLEX_UNIT_PT, android.util.TypedValue.COMPLEX_UNIT_IN, android.util.TypedValue.COMPLEX_UNIT_MM}" />
    </annotation>
  </item>
  <item name="com.scichart.core.annotations.Orientation.OrientationMode">
    <annotation name="android.support.annotation.IntDef">
      <val name="value" val="{com.scichart.core.annotations.Orientation.HORIZONTAL, com.scichart.core.annotations.Orientation.VERTICAL}" />
    </annotation>
  </item>
  <item name="com.scichart.core.annotations.Visibility">
    <annotation name="android.support.annotation.IntDef">
      <val name="value" val="{android.view.View.VISIBLE, android.view.View.INVISIBLE, android.view.View.GONE}" />
    </annotation>
  </item>
</root>

